res_num,res_label,cs_ca,cs_cb
1,ALA,None,None
2,THR,59.166666666666664,67.22476190476192
3,SER,55.73952380952382,62.56047619047618
4,THR,59.49285714285714,66.68857142857144
5,LYS,54.84285714285714,30.995714285714286
6,LYS,53.786666666666655,30.67761904761905
7,LEU,53.65190476190477,39.90238095238095
8,HIS,52.17857142857143,29.649047619047618
9,LYS,53.6247619047619,27.677619047619054
10,GLU,57.86333333333333,26.995714285714286
11,ALA,51.56095238095238,17.457619047619044
12,ALA,55.4704761904762,13.876190476190475
13,THR,61.76333333333334,72.22238095238095
14,LEU,52.503333333333345,41.03
15,ILE,62.965238095238085,37.81428571428572
16,LYS,57.549523809523805,29.085238095238093
17,ALA,50.607142857142854,17.107619047619046
18,ILE,58.339523809523804,37.314285714285724
19,ASP,52.574761904761914,41.54190476190476
20,GLY,44.92904761904762,None
21,ASP,53.01190476190476,37.11047619047619
22,THR,60.7495238095238,65.0309523809524
23,VAL,57.354761904761894,31.398571428571433
24,LYS,55.31571428571428,32.62047619047619
25,LEU,53.04571428571429,43.50619047619048
26,MET,54.05238095238096,31.547619047619044
27,TYR,56.31380952380952,38.06666666666666
28,LYS,52.64380952380952,31.600952380952375
29,GLY,43.279523809523816,None
30,GLN,51.63142857142857,27.637142857142855
31,ALA,49.53619047619046,15.724761904761905
32,MET,50.85142857142856,31.004761904761907
33,THR,62.449523809523804,65.51714285714286
34,PHE,57.231428571428566,41.666190476190486
35,ARG,52.88095238095237,32.85857142857144
36,LEU,55.578571428571436,42.56095238095239
37,LEU,54.24285714285714,42.94333333333333
38,LEU,55.41857142857142,37.38666666666667
39,VAL,59.600476190476186,32.31904761904762
40,ASP,51.68714285714285,43.55238095238095
41,THR,58.136190476190485,63.33190476190475
42,ALA,55.058571428571426,13.788571428571428
43,GLU,54.173333333333325,27.768571428571423
44,THR,57.59142857142857,64.63
45,LYS,51.86761904761904,26.131428571428575
46,HIS,54.90095238095238,31.257619047619052
47,THR,61.68666666666667,62.41238095238094
48,LYS,55.49761904761905,31.915714285714287
49,LYS,57.41380952380952,25.656666666666666
50,GLY,43.348571428571425,None
51,VAL,58.44619047619047,33.670952380952386
52,GLU,54.61619047619047,24.862857142857145
53,LYS,52.99238095238096,24.969047619047622
54,TYR,59.49476190476191,30.21761904761905
55,GLY,44.93714285714285,None
56,ALA,52.615714285714276,17.02238095238095
57,GLU,55.86095238095238,28.22857142857143
58,ALA,53.16523809523811,16.87142857142857
59,SER,58.00190476190476,61.979523809523805
60,ALA,52.97571428571429,16.873809523809523
61,PHE,57.906666666666666,37.71666666666666
62,THR,63.88476190476192,67.66380952380952
63,LYS,56.00047619047619,31.286666666666672
64,LYS,54.043809523809514,28.4247619047619
65,MET,54.168571428571425,30.749523809523804
66,VAL,59.03047619047619,27.97285714285714
67,GLU,56.049523809523805,27.24095238095238
68,ASN,50.666666666666664,37.656666666666666
69,ALA,51.8604761904762,16.232857142857146
70,LYS,58.22238095238093,26.407619047619043
71,LYS,53.81809523809525,32.11952380952381
72,ILE,60.15190476190475,38.77095238095238
73,GLU,53.30571428571429,30.208571428571425
74,VAL,56.674285714285716,31.103333333333335
75,GLU,54.21380952380952,29.18142857142858
76,PHE,57.31095238095238,40.11238095238095
77,ASP,51.32761904761905,42.47095238095238
78,LYS,55.675238095238086,29.5
79,GLY,43.81904761904761,None
80,GLN,52.750000000000014,26.637142857142855
81,ARG,54.22904761904762,30.637619047619047
82,THR,54.43285714285713,68.60047619047619
83,ASP,51.42428571428571,36.27333333333333
84,LYS,54.95666666666666,27.949047619047615
85,TYR,55.619047619047606,39.94190476190476
86,GLY,44.37,None
87,ARG,53.131904761904764,30.101904761904766
88,GLY,44.52809523809525,None
89,LEU,54.61523809523809,41.03190476190476
90,ALA,52.77523809523808,14.490476190476189
91,TYR,56.68238095238096,35.66809523809524
92,ILE,56.218095238095245,33.09095238095238
93,TYR,55.31619047619047,37.28619047619048
94,ALA,49.14047619047619,18.07333333333333
95,ASP,53.558571428571426,38.47190476190475
96,GLY,44.04666666666667,None
97,LYS,51.43285714285713,31.339999999999993
98,MET,55.09523809523809,31.978095238095243
99,VAL,62.1895238095238,29.960952380952378
100,ASN,51.90095238095238,33.21809523809524
101,GLU,56.59523809523809,27.094761904761906
102,ALA,53.03000000000001,16.83095238095238
103,LEU,55.40380952380953,41.27952380952381
104,VAL,62.88333333333333,29.89761904761905
105,ARG,55.4304761904762,28.943333333333335
106,GLN,54.49142857142857,29.889999999999997
107,GLY,43.3547619047619,None
108,LEU,53.94238095238095,43.899523809523814
109,ALA,49.01428571428572,19.214761904761907
110,LYS,50.4052380952381,29.643333333333334
111,VAL,59.579047619047614,29.544285714285714
112,ALA,49.86333333333333,17.23047619047619
113,TYR,55.25761904761905,36.66047619047618
114,VAL,59.21714285714285,29.135714285714286
115,TYR,57.18714285714285,34.765714285714274
116,LYS,55.87857142857143,28.693809523809527
117,GLY,44.97,None
118,ASN,50.154761904761905,34.61857142857143
119,ASN,51.253333333333316,37.73761904761905
120,THR,62.26761904761904,67.34095238095239
121,HIS,54.54428571428572,28.405238095238094
122,GLU,55.84904761904762,28.363333333333337
123,GLN,54.31428571428571,24.872380952380954
124,LEU,55.150000000000006,37.55428571428572
125,LEU,56.480476190476196,39.17190476190476
126,ARG,55.273809523809526,29.805238095238092
127,LYS,56.72619047619047,32.49142857142858
128,SER,57.49809523809524,61.889523809523816
129,GLU,56.69571428571429,28.404761904761905
130,ALA,53.05714285714286,16.863333333333333
131,GLN,55.02190476190477,27.222380952380952
132,ALA,52.135238095238094,17.05142857142857
133,LYS,56.643333333333345,32.312380952380956
134,LYS,56.03190476190476,29.798571428571428
135,GLU,55.75142857142857,29.710476190476193
136,LYS,53.58952380952381,24.10095238095238
137,LEU,54.2,41.81857142857143
138,ASN,50.23714285714286,40.54238095238095
139,ILE,62.596666666666664,33.37761904761905
140,TRP,53.55285714285715,25.51380952380952
141,SER,53.424285714285716,62.43285714285715
142,GLU,54.203809523809525,23.56
143,ASP,51.01285714285714,40.82285714285714
144,ASN,51.45666666666666,38.16142857142858
145,ALA,51.36095238095237,17.085238095238093
146,ASP,52.79,39.89333333333333
147,SER,55.284761904761915,61.580000000000005
148,GLY,44.07380952380952,None
149,GLN,None,None
